<?xml version="1.0" encoding="UTF-8"?>
<configuration>
    <Appenders>
        <Console name="Console" target="SYSTEM_OUT">
            <PatternLayout>
                <pattern>
                    (%d %p %C{1.} [%t] %m%n
                </pattern>
            </PatternLayout>
        </Console>
        <RollingFile name="RollingFile"
                     fileName="/equiposSpringLog/AppDemoSpring.log"
                     filePattern="/equiposSpringLog/AppDemoSpring-%d{yyyy-MM-dd}-%i.log.gz">
            <PatternLayout>
                <pattern>%d %p %C{1.} [%t] %m%n</pattern>
            </PatternLayout>
            <Policies>
                <OnStartupTriggeringPolicy/>
                <TimeBasedTriggeringPolicy/>
                <SizeBasedTriggeringPolicy size="20 MB"/>
            </Policies>
            <DefaultRolloverStrategy max="1"/>
        </RollingFile>
    </Appenders>
    <Loggers>
        <Root level="info">
            <AppenderRef ref="Console"/>
            <AppenderRef ref="RollingFile"/>
        </Root>
    </Loggers>
</configuration>
